Domain,Status,Attractiveness,Demand,Length,Sectors,Created,Expires,Registrar
one.hosting,available,132,43%,3,"Business,General,Media,Technology",,,
brief.hosting,available,124,19%,5,"Business,Education,General,Law",,,
second.hosting,available,120,23%,6,"General,Mathematics",,,
complete.hosting,available,120,21%,8,"Manufacturing,Retail,Technology",,,
tenth.hosting,available,116,7%,5,Mathematics,,,
equal.hosting,available,116,19%,5,"Education,General,Law",,,
flat.hosting,available,116,23%,4,"Construction,Real Estate",,,
tonic.hosting,available,114,22%,5,"Health and Fitness,Medicine,Science",,,
hotshot.hosting,available,112,14%,7,"Business,Entertainment,Sports",,,
zero.hosting,available,112,49%,4,Mathematics,,,
acute.hosting,available,112,9%,5,"Mathematics,Medicine,Science",,,
abstract.hosting,available,108,29%,8,"Arts,Humanities,Science",,,
abiding.hosting,available,106,5%,7,"General,Religion",,,
expert.hosting,available,104,26%,6,"Business,Education,Technology",,,
teen.hosting,available,104,14%,4,"Education,Entertainment,Healthcare",,,
active.hosting,available,104,27%,6,"Health and Fitness,Sports,Travel",,,
captive.hosting,available,102,14%,7,"Entertainment,Hospitality,Technology",,,
absent.hosting,available,102,8%,6,"Business,Education,Technology",,,
eight.hosting,available,102,23%,5,"General,Mathematics",,,
extra.hosting,available,102,26%,5,"Fashion,Retail,Technology",,,
adjunct.hosting,available,100,5%,7,Education,,,
eighth.hosting,available,100,6%,6,Mathematics,,,
remove.hosting,available,100,13%,6,"Construction,Manufacturing,Technology",,,
sixth.hosting,available,100,8%,5,Mathematics,,,
third.hosting,available,100,15%,5,Mathematics,,,
abrupt.hosting,available,100,3%,6,"Medicine,Science",,,
ninth.hosting,available,100,9%,5,Mathematics,,,
whiz.hosting,available,100,12%,4,"Business,Education,Technology",,,
crack.hosting,available,100,20%,5,Sports,,,
genius.hosting,available,98,46%,6,"Arts,Education,Technology",,,
whizz.hosting,available,98,11%,5,"Business,Education,Technology",,,
alamode.hosting,available,96,12%,9,Fashion,,,
academic.hosting,available,96,20%,8,"Education,Humanities,Science",,,
forgiving.hosting,available,96,3%,9,"Healthcare,Religion",,,
doable.hosting,available,96,9%,6,"Business,Education,Technology",,,
actual.hosting,available,96,22%,6,"Real Estate,Retail,Technology",,,
adequate.hosting,available,94,9%,8,"Education,Healthcare,Technology",,,
virtuoso.hosting,available,94,16%,8,"Arts,Entertainment",,,
around.hosting,available,94,22%,6,"Business,General,Media,Technology",,,
abject.hosting,available,94,7%,6,Humanities,,,
about.hosting,expiring,94,28%,5,"Business,General,Media,Technology",29/08/2014 21:33,29/08/2025 23:59,"XYZ.com, LLC"
abroad.hosting,available,92,12%,6,"Hospitality,Travel",,,
derelict.hosting,available,92,7%,8,"Construction,Real Estate",,,
exemplary.hosting,available,92,5%,9,"Business,Education,Healthcare",,,
twentieth.hosting,available,92,3%,9,Mathematics,,,
adept.hosting,available,92,24%,5,"Education,Health and Fitness,Sports",,,
adjective.hosting,available,92,5%,9,Education,,,
nought.hosting,available,92,4%,6,Mathematics,,,
leash.hosting,available,90,7%,5,"General,Health and Fitness,Retail",,,
addictive.hosting,available,90,9%,9,Healthcare,,,
riveting.hosting,available,90,6%,8,"Entertainment,Media,Technology",,,
adoring.hosting,available,90,2%,7,"Entertainment,Fashion,Retail",,,
abortive.hosting,available,90,1%,8,"Medicine,Science",,,
endearing.hosting,available,90,1%,9,"Entertainment,Fashion,Retail",,,
clear.hosting,available,90,47%,5,"Manufacturing,Retail,Technology",,,
gripping.hosting,available,90,3%,8,"Entertainment,Media,Technology",,,
additional.hosting,available,90,8%,10,"Fashion,Retail,Technology",,,
three.hosting,available,88,23%,5,Mathematics,,,
ace.hosting,available,88,34%,3,Sports,,,
wide.hosting,available,88,18%,4,"Business,Media,Technology",,,
adlib.hosting,available,88,7%,6,Entertainment,,,
proficient.hosting,available,88,8%,10,"Education,Health and Fitness,Sports",,,
eleven.hosting,available,88,32%,6,Mathematics,,,
activist.hosting,available,88,12%,8,"Humanities,Politics",,,
actionable.hosting,available,88,13%,10,"Business,Law",,,
ten.hosting,available,88,27%,3,"General,Mathematics",,,
twelve.hosting,available,88,18%,6,"General,Mathematics",,,
sixteen.hosting,available,88,10%,7,Mathematics,,,
hundred.hosting,available,88,13%,7,Mathematics,,,
fifteen.hosting,available,88,13%,7,Mathematics,,,
xiv.hosting,available,86,12%,3,Mathematics,,,
attendant.hosting,available,86,5%,9,"Healthcare,Hospitality,Transportation",,,
star.hosting,available,86,40%,4,"Entertainment,Media,Sports",,,
intent.hosting,available,86,25%,6,"Business,Education,Technology",,,
xix.hosting,available,86,10%,3,Mathematics,,,
adolescent.hosting,available,86,3%,10,"Education,Entertainment,Healthcare",,,
cipher.hosting,available,86,29%,6,Mathematics,,,
engrossing.hosting,available,86,0%,10,"Entertainment,Media,Technology",,,
recondite.hosting,available,86,4%,9,"Arts,Humanities,Science",,,
aboriginal.hosting,available,86,10%,10,Humanities,,,
extempore.hosting,available,86,3%,9,Entertainment,,,
twentyone.hosting,available,84,13%,10,Mathematics,,,
acting.hosting,available,84,12%,6,Entertainment,,,
sharp.hosting,available,84,34%,5,"Arts,Fashion",,,
nineteen.hosting,available,84,8%,8,Mathematics,,,
accessory.hosting,available,84,8%,9,"Fashion,Retail,Technology",,,
thousand.hosting,available,84,8%,8,Mathematics,,,
thirteen.hosting,available,84,10%,8,Mathematics,,,
fourteen.hosting,available,84,8%,8,Mathematics,,,
grand.hosting,available,84,25%,5,"Finance,General",,,
adjustable.hosting,available,84,3%,10,"Manufacturing,Retail,Technology",,,
deviate.hosting,available,84,12%,7,"Medicine,Science",,,
twentytwo.hosting,available,84,10%,10,Mathematics,,,
seventeen.hosting,available,84,7%,9,Mathematics,,,
fivesome.hosting,available,82,1%,8,Sports,,,
impromptu.hosting,available,82,16%,9,Entertainment,,,
cleansing.hosting,available,82,3%,9,Health and Fitness,,,
altered.hosting,available,82,9%,7,"Medicine,Science",,,
absorbent.hosting,available,82,3%,9,"Healthcare,Manufacturing,Retail",,,
dozen.hosting,available,82,10%,5,Mathematics,,,
abroach.hosting,available,82,1%,7,Food and Beverage,,,
decade.hosting,available,82,10%,6,Mathematics,,,
enduring.hosting,available,82,9%,8,"Health and Fitness,Religion",,,
abenaki.hosting,available,82,2%,7,Geography,,,
abdominal.hosting,available,82,1%,9,"Health and Fitness,Medicine",,,
abkhaz.hosting,available,82,1%,6,Geography,,,
capable.hosting,available,80,12%,7,"Business,Education,Technology",,,
trio.hosting,available,80,21%,4,Entertainment,,,
nine.hosting,available,80,24%,4,"General,Mathematics",,,
adoptable.hosting,available,80,3%,9,"Education,Healthcare",,,
absorbable.hosting,available,80,0%,10,"Healthcare,Pharmaceuticals,Science",,,
yard.hosting,available,80,25%,4,"Construction,General",,,
twenty.hosting,available,80,12%,6,Mathematics,,,
seventh.hosting,available,80,10%,7,Mathematics,,,
forty.hosting,available,80,9%,5,Mathematics,,,
two.hosting,available,80,23%,3,Mathematics,,,
worshipful.hosting,available,80,1%,10,"Education,Healthcare,Religion",,,
dorsal.hosting,available,80,6%,6,"Medicine,Science",,,
abundant.hosting,available,80,19%,8,"Agriculture,Manufacturing,Retail",,,
able.hosting,available,80,29%,4,"Business,Education,General,Technology",,,
absurd.hosting,available,80,16%,6,"Arts,Entertainment,Media",,,
some.hosting,available,80,32%,4,"Business,Media,Retail",,,
sequent.hosting,available,80,7%,7,"Healthcare,Insurance,Transportation",,,
first.hosting,available,80,34%,5,"General,Mathematics",,,
wiz.hosting,available,80,30%,3,"Business,Education,Technology",,,
superstar.hosting,available,80,18%,9,Entertainment,,,
recognized.hosting,available,78,3%,10,"Business,Education,Technology",,,
abkhazian.hosting,available,78,1%,9,Geography,,,
twentysix.hosting,available,78,8%,10,Mathematics,,,
accurate.hosting,available,78,16%,8,"Engineering,Mathematics,Science",,,
recognised.hosting,available,78,3%,10,"Business,Education,Technology",,,
absorptive.hosting,available,78,1%,10,"Healthcare,Manufacturing,Retail",,,
abkhasian.hosting,available,78,1%,9,Geography,,,
low.hosting,available,78,20%,3,"Business,Finance",,,
adrenal.hosting,available,78,4%,7,"Education,Healthcare,Science",,,
adjacent.hosting,available,78,9%,8,"Construction,Real Estate,Retail",,,
acceptant.hosting,available,78,1%,9,"Education,Healthcare",,,
dormant.hosting,available,78,4%,7,"Medicine,Science",,,
sixtynine.hosting,available,78,8%,10,Mathematics,,,
accepted.hosting,available,78,6%,8,"Business,Education,Technology",,,
honestly.hosting,available,78,9%,8,"Business,Law",,,
accessible.hosting,available,78,21%,10,"Healthcare,Retail,Technology",,,
acceptable.hosting,available,78,5%,10,"Business,Hospitality,Retail",,,
adorable.hosting,available,78,8%,8,"Entertainment,Fashion,Retail",,,
abounding.hosting,available,78,2%,9,Agriculture,,,
athletic.hosting,available,78,15%,8,"Health and Fitness,Sports",,,
accidental.hosting,available,78,11%,10,"Healthcare,Insurance,Transportation",,,
adaptable.hosting,available,76,9%,9,"Business,Education,Technology",,,
abrasive.hosting,available,76,6%,8,"Construction,Manufacturing",,,
nineteenth.hosting,available,76,3%,10,Mathematics,,,
diamond.hosting,available,76,32%,7,Fashion,,,
acoustic.hosting,available,76,14%,8,Science,,,
ague.hosting,available,76,2%,4,"Geography,Medicine,Science",,,
fifteenth.hosting,available,76,2%,9,Mathematics,,,
incidental.hosting,available,76,4%,10,"Healthcare,Insurance,Transportation",,,
auxiliary.hosting,available,76,7%,9,"Healthcare,Manufacturing,Technology",,,
fourteenth.hosting,available,76,2%,10,Mathematics,,,
addable.hosting,available,76,2%,7,"Engineering,Mathematics,Science",,,
threed.hosting,available,76,7%,7,Technology,,,
improvise.hosting,available,76,4%,9,Entertainment,,,
adhesive.hosting,available,76,7%,8,"Construction,Manufacturing,Technology",,,
resultant.hosting,available,76,2%,9,"Healthcare,Insurance,Transportation",,,
ancillary.hosting,available,76,6%,9,"Healthcare,Manufacturing,Technology",,,
obscene.hosting,available,76,5%,7,"Entertainment,Media",,,
energizing.hosting,available,76,3%,10,"Food and Beverage,Health and Fitness,Travel",,,
ventral.hosting,available,76,3%,7,Science,,,
thirteenth.hosting,available,76,3%,10,Mathematics,,,
eighteen.hosting,available,76,7%,8,Mathematics,,,
adipose.hosting,available,76,2%,7,"Healthcare,Science",,,
adaptive.hosting,available,76,28%,8,"Business,Education,Technology",,,
thousandth.hosting,available,76,1%,10,Mathematics,,,
firstrate.hosting,available,76,6%,10,Business,,,
hundredth.hosting,available,76,1%,9,Mathematics,,,
adherent.hosting,available,76,4%,8,"Politics,Religion",,,
adapted.hosting,available,74,6%,7,"Healthcare,Manufacturing,Technology",,,
realizable.hosting,available,74,1%,10,"Business,Education,Technology",,,
sensation.hosting,available,74,7%,9,"Entertainment,Media,Sports",,,
playing.hosting,available,74,12%,7,Entertainment,,,
aberrant.hosting,available,74,6%,8,"Medicine,Science",,,
abnormal.hosting,available,74,16%,8,"Medicine,Science",,,
acuate.hosting,available,74,2%,6,"Engineering,Medicine,Science",,,
single.hosting,available,74,19%,6,Sports,,,
broad.hosting,available,74,13%,5,"Entertainment,General,Media",,,
admirable.hosting,available,74,5%,9,"Business,Education,Healthcare",,,
accepting.hosting,available,74,3%,9,"Education,Healthcare",,,
adamant.hosting,available,74,14%,7,Religion,,,
achievable.hosting,available,74,4%,10,"Business,Education,Technology",,,
adrenergic.hosting,available,74,1%,10,"Education,Healthcare,Science",,,
mavin.hosting,available,74,7%,5,"Entertainment,Fashion,Technology",,,
cleared.hosting,available,74,7%,7,"Healthcare,Law,Transportation",,,
activated.hosting,available,74,9%,9,"Healthcare,Manufacturing,Technology",,,
skilful.hosting,available,74,3%,7,"Education,Health and Fitness,Sports",,,
manageable.hosting,available,74,4%,10,"Business,Education,Technology",,,
adenoid.hosting,available,74,1%,7,"Health and Fitness,Medicine,Science",,,
accustomed.hosting,available,72,1%,10,"Business,Education,Humanities",,,
improvize.hosting,available,72,1%,9,Entertainment,,,
ablaze.hosting,available,72,6%,6,Entertainment,,,
ninetieth.hosting,available,72,1%,9,Mathematics,,,
sixtieth.hosting,available,72,1%,8,Mathematics,,,
absorbed.hosting,available,72,2%,8,"Entertainment,Media,Technology",,,
adonic.hosting,available,72,2%,6,"Arts,Education,Entertainment",,,
aching.hosting,available,72,4%,6,Healthcare,,,
abloom.hosting,available,72,5%,6,Agriculture,,,
champion.hosting,available,72,28%,8,"Entertainment,Health and Fitness,Sports",,,
existent.hosting,available,72,3%,8,"Mathematics,Science",,,
liv.hosting,available,72,28%,3,Mathematics,,,
adiabatic.hosting,available,72,3%,9,"Engineering,Science",,,
adjectival.hosting,available,72,1%,10,Education,,,
absolutist.hosting,available,72,1%,10,"Humanities,Law,Politics",,,
adaptative.hosting,available,72,1%,10,"Business,Education,Technology",,,
addicted.hosting,available,72,9%,8,Healthcare,,,
ternary.hosting,available,72,7%,7,Mathematics,,,
accusative.hosting,available,72,0%,10,"Humanities,Law",,,
adjunctive.hosting,available,72,1%,10,"Healthcare,Manufacturing,Technology",,,
trey.hosting,available,72,13%,4,Sports,,,
eightieth.hosting,available,72,1%,9,Mathematics,,,
abreast.hosting,available,72,2%,7,"Business,Technology",,,
lovely.hosting,available,72,26%,6,"Entertainment,Fashion,Retail",,,
trinity.hosting,available,72,18%,7,Religion,,,
deep.hosting,available,72,41%,4,"Engineering,Mathematics,Science",,,
engrossed.hosting,available,72,1%,9,"Entertainment,Media,Technology",,,
seventieth.hosting,available,72,1%,10,Mathematics,,,
adamantine.hosting,available,70,4%,10,Religion,,,
abulic.hosting,available,70,1%,6,Medicine,,,
skillful.hosting,available,70,9%,8,"Education,Health and Fitness,Sports",,,
admired.hosting,available,70,5%,7,"Business,Education,Healthcare",,,
practiced.hosting,available,70,3%,9,"Education,Health and Fitness,Sports",,,
acuminate.hosting,available,70,1%,9,"Engineering,Medicine,Science",,,
tiptop.hosting,available,70,24%,6,Fashion,,,
consequent.hosting,available,70,3%,10,"Business,Education,General,Technology",,,
adjusted.hosting,available,70,5%,8,"Manufacturing,Retail,Technology",,,
abradant.hosting,available,70,1%,8,"Construction,Manufacturing",,,
gymnastic.hosting,available,70,3%,9,"Entertainment,Sports",,,
lowdown.hosting,available,70,6%,8,"Entertainment,Media",,,
offhand.hosting,available,70,2%,7,Entertainment,,,
accumbent.hosting,available,70,1%,9,"Healthcare,Medicine,Science",,,
absorbing.hosting,available,70,3%,9,"Entertainment,Media,Technology",,,
adored.hosting,available,70,6%,6,"Entertainment,Fashion,Retail",,,
recumbent.hosting,available,70,2%,9,"Healthcare,Medicine,Science",,,
miserable.hosting,available,70,4%,9,Humanities,,,
stillborn.hosting,available,70,2%,9,"Medicine,Science",,,
unity.hosting,available,70,38%,5,Mathematics,,,
abnaki.hosting,available,68,1%,6,Geography,,,
stygian.hosting,available,68,5%,7,Humanities,,,
accredited.hosting,available,68,9%,10,"Business,Education,Healthcare",,,
activating.hosting,available,68,3%,10,"Healthcare,Manufacturing,Technology",,,
aberdonian.hosting,available,68,1%,10,Geography,,,
septenary.hosting,available,68,2%,9,Mathematics,,,
sevener.hosting,available,68,1%,7,Mathematics,,,
disciple.hosting,available,68,14%,8,"Education,Religion",,,
fortieth.hosting,available,68,1%,8,Mathematics,,,
vindicated.hosting,available,68,2%,10,"Humanities,Law,Politics",,,
octonary.hosting,available,68,1%,8,Mathematics,,,
ennead.hosting,available,68,5%,6,Mathematics,,,
aroused.hosting,available,68,3%,7,"Entertainment,Health and Fitness",,,
decorated.hosting,available,68,3%,9,"Entertainment,Fashion,Retail",,,
foursome.hosting,available,68,4%,8,Sports,,,
aculeate.hosting,available,68,1%,8,"Engineering,Medicine,Science",,,
scurvy.hosting,available,68,3%,6,Humanities,,,
abducent.hosting,available,68,0%,8,Medicine,,,
achaian.hosting,available,68,2%,7,Humanities,,,
licensed.hosting,available,68,5%,8,"Business,Healthcare,Insurance",,,
overseas.hosting,available,68,12%,8,"Hospitality,Travel",,,
licenced.hosting,available,68,2%,8,"Business,Healthcare,Insurance",,,
achaean.hosting,available,68,2%,7,Humanities,,,
threesome.hosting,available,68,5%,9,Entertainment,,,
fiftieth.hosting,available,68,1%,8,Mathematics,,,
acerate.hosting,available,68,1%,7,Science,,,
abkhas.hosting,available,68,0%,6,Geography,,,
thirtieth.hosting,available,68,1%,9,Mathematics,,,
ane.hosting,available,68,12%,3,Mathematics,,,
five.hosting,available,66,26%,4,Mathematics,,,
buzzing.hosting,available,66,7%,7,"Entertainment,Media,Technology",,,
according.hosting,available,66,3%,9,"Business,Education,Technology",,,
teenager.hosting,available,66,4%,8,"Education,Entertainment,Healthcare",,,
xxv.hosting,available,66,6%,3,Mathematics,,,
xvi.hosting,available,66,4%,3,Mathematics,,,
xvii.hosting,available,66,5%,4,Mathematics,,,
sextet.hosting,available,66,2%,6,Entertainment,,,
ninety.hosting,available,66,11%,6,Mathematics,,,
adorned.hosting,available,66,5%,7,"Entertainment,Fashion,Retail",,,
xviii.hosting,available,66,4%,5,Mathematics,,,
latest.hosting,available,66,18%,6,Technology,,,
xii.hosting,available,66,10%,3,Mathematics,,,
four.hosting,available,66,27%,4,Mathematics,,,
exonerated.hosting,available,66,2%,10,"Humanities,Law,Politics",,,
xxii.hosting,available,66,6%,4,Mathematics,,,
accessary.hosting,available,66,1%,9,"Business,Law,Technology",,,
clv.hosting,available,66,10%,3,Mathematics,,,
fifty.hosting,available,66,13%,5,Mathematics,,,
maven.hosting,available,66,30%,5,"Entertainment,Fashion,Technology",,,
six.hosting,available,66,26%,3,Mathematics,,,
adopted.hosting,available,66,4%,7,"Education,Healthcare",,,
deuce.hosting,available,66,8%,5,Sports,,,
century.hosting,available,66,17%,7,Education,,,
acrobatic.hosting,available,66,4%,9,"Entertainment,Sports",,,
acappella.hosting,available,66,6%,10,Entertainment,,,
xiii.hosting,available,66,9%,4,Mathematics,,,
acervate.hosting,available,66,1%,8,Science,,,
thirty.hosting,available,66,7%,6,Mathematics,,,
tenner.hosting,available,66,4%,6,Finance,,,
xxvi.hosting,available,66,3%,4,Mathematics,,,
xxi.hosting,available,66,10%,3,Mathematics,,,
onec.hosting,available,66,6%,5,Mathematics,,,
eighty.hosting,available,66,6%,6,Mathematics,,,
modish.hosting,available,66,5%,6,Fashion,,,
performing.hosting,available,66,6%,10,Entertainment,,,
abstinent.hosting,available,66,1%,9,"Health and Fitness,Religion",,,
scatty.hosting,available,64,1%,6,"Arts,Entertainment,Media",,,
acentric.hosting,available,64,2%,8,Science,,,
accordant.hosting,available,64,3%,9,"Arts,Entertainment",,,
absolved.hosting,available,64,1%,8,"Humanities,Law,Religion",,,
nondrinker.hosting,available,64,1%,10,"Health and Fitness,Religion",,,
deviant.hosting,available,64,12%,7,"Medicine,Science",,,
adagio.hosting,available,64,14%,6,Entertainment,,,
astringent.hosting,available,64,1%,10,"Healthcare,Pharmaceuticals",,,
rising.hosting,available,64,18%,6,"Construction,Manufacturing,Real Estate",,,
ccc.hosting,available,64,38%,3,Mathematics,,,
aflame.hosting,available,64,3%,6,Entertainment,,,
activation.hosting,available,62,16%,10,"Healthcare,Manufacturing,Technology",,,
aborigine.hosting,available,62,1%,9,Humanities,,,
ensuant.hosting,available,62,1%,7,"Healthcare,Insurance,Transportation",,,
roughly.hosting,available,62,3%,7,"Business,Media,Technology",,,
accusing.hosting,available,62,1%,8,Law,,,
eighteenth.hosting,available,62,1%,10,Mathematics,,,
orso.hosting,available,62,9%,5,"Business,Media,Technology",,,
aufait.hosting,available,62,3%,7,"Fashion,Media",,,
playacting.hosting,available,62,1%,10,Entertainment,,,
eleventh.hosting,available,62,5%,8,Mathematics,,,
adjuvant.hosting,available,62,5%,8,"Healthcare,Manufacturing,Technology",,,
pungent.hosting,available,62,1%,7,Food and Beverage,,,
abo.hosting,available,62,15%,3,Science,,,
twodozen.hosting,available,62,1%,9,Mathematics,,,
activistic.hosting,available,62,1%,10,"Humanities,Politics",,,
wrapped.hosting,available,62,13%,7,"Fashion,Hospitality,Retail",,,
acidic.hosting,available,62,5%,6,"Food and Beverage,Science",,,
adoptive.hosting,available,62,1%,8,"Education,Healthcare",,,
exculpated.hosting,available,62,1%,10,"Humanities,Law,Politics",,,
troika.hosting,available,62,8%,6,Politics,,,
sixteenth.hosting,available,62,1%,9,Mathematics,,,
admissible.hosting,available,62,1%,10,"Education,Healthcare,Law",,,
fortyfour.hosting,available,62,6%,10,Mathematics,,,
longdozen.hosting,available,62,1%,10,Mathematics,,,
accrued.hosting,available,62,2%,7,"Banking,Finance,Insurance",,,
quartet.hosting,available,62,7%,7,"Arts,Entertainment",,,
chiliad.hosting,available,62,2%,7,Mathematics,,,
cumulative.hosting,available,62,2%,10,"Banking,Finance,Insurance",,,
nail.hosting,available,62,16%,4,"Construction,Fashion,General,Retail",,,
clx.hosting,available,60,8%,3,Mathematics,,,
adnate.hosting,available,60,1%,6,"Agriculture,Manufacturing,Retail",,,
clxx.hosting,available,60,2%,4,Mathematics,,,
idolised.hosting,available,60,1%,8,"Entertainment,Fashion,Retail",,,
adnexal.hosting,available,60,1%,7,"Agriculture,Manufacturing,Retail",,,
cautionary.hosting,available,60,1%,10,"Business,Education,Healthcare",,,
clxxx.hosting,available,60,1%,5,Mathematics,,,
cxxv.hosting,available,60,1%,4,Mathematics,,,
cxxxv.hosting,available,60,1%,5,Mathematics,,,
sixty.hosting,available,60,13%,5,Mathematics,,,
tertiary.hosting,available,60,4%,8,Education,,,
paunchy.hosting,available,60,0%,7,"Health and Fitness,Medicine",,,
clxv.hosting,available,60,1%,4,Mathematics,,,
thou.hosting,available,60,7%,4,Mathematics,,,
aboveboard.hosting,available,60,5%,10,"Business,Law",,,
idolized.hosting,available,60,3%,8,"Entertainment,Fashion,Retail",,,
abashed.hosting,available,60,1%,7,Humanities,,,
cxv.hosting,available,60,4%,3,Mathematics,,,
octet.hosting,available,60,12%,5,Arts,,,
eightysix.hosting,available,60,7%,10,Mathematics,,,
abstemious.hosting,available,60,0%,10,"Food and Beverage,Health and Fitness,Hospitality",,,
abstainer.hosting,available,60,0%,9,"Health and Fitness,Religion",,,
cxxx.hosting,available,60,3%,4,Mathematics,,,
xcl.hosting,available,60,5%,3,Mathematics,,,
cxx.hosting,available,60,9%,3,Mathematics,,,
clxxv.hosting,available,60,1%,5,Mathematics,,,
acceptive.hosting,available,60,1%,9,"Education,Healthcare",,,
cxlv.hosting,available,60,2%,4,Mathematics,,,
annexal.hosting,available,60,1%,7,"Agriculture,Manufacturing,Retail",,,
cxl.hosting,available,60,7%,3,Mathematics,,,
tercet.hosting,available,59,2%,6,"Arts,Entertainment,Media",,,
addible.hosting,available,58,2%,7,"Engineering,Mathematics,Science",,,
tetrad.hosting,available,58,5%,6,Mathematics,,,
lxxviii.hosting,available,58,1%,7,Mathematics,,,
pentad.hosting,available,58,3%,6,Mathematics,,,
cypher.hosting,available,58,28%,6,Mathematics,,,
sixer.hosting,available,58,5%,5,Sports,,,
actuarial.hosting,available,58,8%,9,"Finance,Insurance,Mathematics",,,
abuzz.hosting,available,58,5%,5,"Entertainment,Media,Technology",,,
lxxx.hosting,available,58,2%,4,Mathematics,,,
eighter.hosting,available,58,2%,7,Mathematics,,,
seven.hosting,available,58,35%,5,Mathematics,,,
adjustive.hosting,available,58,1%,9,"Manufacturing,Retail,Technology",,,
quintet.hosting,available,58,8%,7,"Arts,Entertainment",,,
justabout.hosting,available,58,3%,10,"Business,Media,Technology",,,
adhoc.hosting,available,58,24%,6,"Business,Engineering,Technology",,,
centesimal.hosting,available,58,1%,10,Mathematics,,,
offhanded.hosting,available,58,1%,9,Entertainment,,,
seventy.hosting,available,58,7%,7,Mathematics,,,
sixtyone.hosting,available,58,5%,9,Mathematics,,,
fourscore.hosting,available,58,4%,9,Mathematics,,,
niner.hosting,available,58,5%,5,Mathematics,,,
aucourant.hosting,available,58,3%,10,"Fashion,Media",,,
sextuplet.hosting,available,58,1%,9,Healthcare,,,
acyclic.hosting,available,58,4%,7,"Engineering,Mathematics,Science",,,
octad.hosting,available,58,5%,5,Mathematics,,,
fifth.hosting,available,58,12%,5,Mathematics,,,
addressed.hosting,available,58,3%,9,"Business,Technology,Telecommunications",,,
alacarte.hosting,available,58,11%,10,Food and Beverage,,,
ache.hosting,available,58,7%,4,Healthcare,,,
abandoned.hosting,available,58,10%,9,"Construction,Real Estate",,,
accented.hosting,available,58,3%,8,"Arts,Entertainment",,,
twelfth.hosting,available,58,2%,7,Mathematics,,,
hexad.hosting,available,58,5%,5,Mathematics,,,
super.hosting,available,58,47%,5,Business,,,
abused.hosting,available,58,5%,6,"Healthcare,Law",,,
closeto.hosting,available,58,3%,8,"Business,Media,Technology",,,
adient.hosting,available,58,4%,6,"Medicine,Science",,,
enwrapped.hosting,available,58,0%,9,"Entertainment,Fashion,Media",,,
acetic.hosting,available,58,1%,6,"Food and Beverage,Science",,,
abridged.hosting,available,58,4%,8,Media,,,
accretive.hosting,available,58,6%,9,"Banking,Finance,Insurance",,,
fourth.hosting,available,58,13%,6,Mathematics,,,
linear.hosting,available,58,22%,6,"Engineering,Mathematics,Science",,,
heptad.hosting,available,58,2%,6,Mathematics,,,
accoutred.hosting,available,58,1%,9,"Fashion,Manufacturing,Retail",,,
xxxvii.hosting,available,56,2%,6,Mathematics,,,
xlii.hosting,available,56,5%,4,Mathematics,,,
xliv.hosting,available,56,3%,4,Mathematics,,,
fiftynine.hosting,available,56,4%,10,Mathematics,,,
thirtytwo.hosting,available,56,4%,10,Mathematics,,,
xxviii.hosting,available,56,1%,6,Mathematics,,,
halfdozen.hosting,available,56,1%,10,Mathematics,,,
fortyone.hosting,available,56,5%,9,Mathematics,,,
appressed.hosting,available,56,0%,9,"Agriculture,Manufacturing,Retail",,,
lvi.hosting,available,56,8%,3,Mathematics,,,
thirtyone.hosting,available,56,4%,10,Mathematics,,,
fiftyone.hosting,available,56,8%,9,Mathematics,,,
lviii.hosting,available,56,1%,5,Mathematics,,,
xxxii.hosting,available,56,1%,5,Mathematics,,,
xlv.hosting,available,56,6%,3,Mathematics,,,
potbellied.hosting,available,56,0%,10,"Health and Fitness,Medicine",,,
xliii.hosting,available,56,1%,5,Mathematics,,,
admittible.hosting,available,56,1%,10,"Education,Healthcare,Hospitality",,,
xxxiv.hosting,available,56,1%,5,Mathematics,,,
xxix.hosting,available,56,4%,4,Mathematics,,,
abeyant.hosting,available,56,1%,7,"Business,Law",,,
xxiii.hosting,available,56,4%,5,Mathematics,,,
xxxv.hosting,available,56,4%,4,Mathematics,,,
fortytwo.hosting,available,56,17%,9,Mathematics,,,
ilx.hosting,available,56,6%,3,Mathematics,,,
fortysix.hosting,available,56,4%,9,Mathematics,,,
xlviii.hosting,available,56,1%,6,Mathematics,,,
xxxviii.hosting,available,56,1%,7,Mathematics,,,
liii.hosting,available,56,4%,4,Mathematics,,,
xxvii.hosting,available,56,3%,5,Mathematics,,,
lii.hosting,available,56,7%,3,Mathematics,,,
fortynine.hosting,available,56,3%,10,Mathematics,,,
addled.hosting,available,56,2%,6,Entertainment,,,
xxxi.hosting,available,56,8%,4,Mathematics,,,
xxxiii.hosting,available,56,2%,6,Mathematics,,,
admissive.hosting,available,56,1%,9,"Education,Healthcare,Hospitality",,,
thirtysix.hosting,available,56,5%,10,Mathematics,,,
fiftyfour.hosting,available,56,4%,10,Mathematics,,,
admittable.hosting,available,56,1%,10,"Education,Healthcare,Hospitality",,,
terzetto.hosting,available,56,3%,8,Arts,,,
xlvi.hosting,available,56,3%,4,Mathematics,,,
lvii.hosting,available,56,2%,4,Mathematics,,,
maledict.hosting,available,56,1%,8,Religion,,,
fiftyfive.hosting,available,56,8%,10,Mathematics,,,
accoutered.hosting,available,56,0%,10,"Fashion,Manufacturing,Retail",,,
aone.hosting,available,56,15%,5,Food and Beverage,,,
xxiv.hosting,available,56,5%,4,Mathematics,,,
xxxvi.hosting,available,56,1%,5,Mathematics,,,
xli.hosting,available,56,5%,3,Mathematics,,,
fiftytwo.hosting,available,56,6%,9,Mathematics,,,
fiftysix.hosting,available,56,4%,9,Mathematics,,,
xlvii.hosting,available,56,2%,5,Mathematics,,,
abdominous.hosting,available,56,0%,10,"Health and Fitness,Medicine",,,
triad.hosting,available,56,15%,5,Arts,,,
vii.hosting,available,54,13%,3,Mathematics,,,
achy.hosting,available,54,3%,4,Healthcare,,,
abatic.hosting,available,54,1%,6,Science,,,
deserted.hosting,available,54,3%,8,"Hospitality,Real Estate",,,
quintuplet.hosting,available,54,1%,10,"Healthcare,Medicine,Science",,,
quatern.hosting,available,54,2%,7,Mathematics,,,
adaxial.hosting,available,54,2%,7,Science,,,
adducting.hosting,available,54,1%,9,"Engineering,Mathematics,Science",,,
unnatural.hosting,available,54,4%,9,"Medicine,Science",,,
abaxial.hosting,available,54,1%,7,Science,,,
monitory.hosting,available,54,3%,8,"Business,Education,Healthcare",,,
adjuratory.hosting,available,54,0%,10,"Law,Politics,Religion",,,
scratchy.hosting,available,54,3%,8,Fashion,,,
abducens.hosting,available,54,1%,8,Medicine,,,
adpressed.hosting,available,54,0%,9,"Agriculture,Manufacturing,Retail",,,
accentual.hosting,available,54,3%,9,"Arts,Entertainment",,,
adductive.hosting,available,54,0%,9,"Engineering,Mathematics,Science",,,
twoscore.hosting,available,54,2%,8,Mathematics,,,
abasic.hosting,available,54,1%,6,Science,,,
abient.hosting,available,54,1%,6,Science,,,
iii.hosting,available,54,24%,3,Mathematics,,,
actuated.hosting,available,54,2%,8,"Automotive,Manufacturing,Technology",,,
fortyfive.hosting,available,54,5%,10,Mathematics,,,
sise.hosting,available,54,5%,4,Mathematics,,,
deuceace.hosting,available,54,1%,9,Sports,,,
adducent.hosting,available,54,1%,8,"Engineering,Mathematics,Science",,,
threescore.hosting,available,54,2%,10,Mathematics,,,
viii.hosting,available,54,6%,4,Mathematics,,,
admonitory.hosting,available,54,0%,10,"Business,Education,Healthcare",,,
acoustical.hosting,available,54,4%,10,Science,,,
achromatic.hosting,available,54,4%,10,Science,,,
accursed.hosting,available,54,3%,8,"Entertainment,Media,Religion",,,
fin.hosting,available,54,30%,3,Finance,,,
aboral.hosting,available,54,2%,6,Science,,,
ternion.hosting,available,54,3%,7,Mathematics,,,
abhorrent.hosting,available,54,1%,9,Humanities,,,
quaternion.hosting,available,54,6%,10,Mathematics,,,
quaternity.hosting,available,54,4%,10,Mathematics,,,
abatable.hosting,available,54,1%,8,Law,,,
quadruplet.hosting,available,54,1%,10,"Healthcare,Medicine,Science",,,
septet.hosting,available,53,1%,6,General,,,
sestet.hosting,available,53,1%,6,Arts,,,
xxx.hosting,available,53,30%,3,"Arts,Entertainment,Media",,,
lxxxiii.hosting,available,52,1%,7,Mathematics,,,
sixtysix.hosting,available,52,5%,9,Mathematics,,,
lxxiv.hosting,available,52,1%,5,Mathematics,,,
eightyone.hosting,available,52,3%,10,Mathematics,,,
eightytwo.hosting,available,52,4%,10,Mathematics,,,
lxxii.hosting,available,52,1%,5,Mathematics,,,
lxv.hosting,available,52,5%,3,Mathematics,,,
odious.hosting,available,52,2%,6,"Entertainment,Humanities",,,
lxxv.hosting,available,52,2%,4,Mathematics,,,
ninetytwo.hosting,available,52,4%,10,Mathematics,,,
tierce.hosting,available,52,3%,6,General,,,
sixtytwo.hosting,available,52,3%,9,Mathematics,,,
xciii.hosting,available,52,1%,5,Mathematics,,,
ablated.hosting,available,52,1%,7,Science,,,
detestable.hosting,available,52,1%,10,Humanities,,,
aboulic.hosting,available,52,1%,7,Medicine,,,
abstruse.hosting,available,52,5%,8,"Humanities,Mathematics,Science",,,
xcii.hosting,available,52,2%,4,Mathematics,,,
lxxiii.hosting,available,52,2%,6,Mathematics,,,
lxvi.hosting,available,52,3%,4,Mathematics,,,
lxi.hosting,available,52,5%,3,Mathematics,,,
ixc.hosting,available,52,5%,3,Mathematics,,,
xcviii.hosting,available,52,1%,6,Mathematics,,,
repulsive.hosting,available,52,1%,9,Humanities,,,
lxxxiv.hosting,available,52,1%,6,Mathematics,,,
sixtyfour.hosting,available,52,4%,10,Mathematics,,,
lxiii.hosting,available,52,2%,5,Mathematics,,,
ninetyone.hosting,available,52,5%,10,Mathematics,,,
abominable.hosting,available,52,2%,10,"Entertainment,Humanities",,,
lxxvii.hosting,available,52,2%,6,Mathematics,,,
ninetysix.hosting,available,52,4%,10,Mathematics,,,
lxxxv.hosting,available,52,1%,5,Mathematics,,,
lxxvi.hosting,available,52,1%,5,Mathematics,,,
lxviii.hosting,available,52,2%,6,Mathematics,,,
xcvi.hosting,available,52,2%,4,Mathematics,,,
uphill.hosting,available,52,7%,6,"Sports,Transportation,Travel",,,
lxvii.hosting,available,52,1%,5,Mathematics,,,
adenoidal.hosting,available,52,1%,9,"Health and Fitness,Medicine,Science",,,
xciv.hosting,available,52,2%,4,Mathematics,,,
sixtyfive.hosting,available,52,3%,10,Mathematics,,,
littlejoe.hosting,available,52,2%,10,"Entertainment,Media",,,
xcvii.hosting,available,52,1%,5,Mathematics,,,
ixl.hosting,available,52,9%,3,Mathematics,,,
lxii.hosting,available,52,2%,4,Mathematics,,,
lxxi.hosting,available,52,2%,4,Mathematics,,,
chagrined.hosting,available,52,1%,9,Humanities,,,
xci.hosting,available,52,4%,3,Mathematics,,,
lxxxii.hosting,available,52,1%,6,Mathematics,,,
decumbent.hosting,available,52,1%,9,"Healthcare,Medicine,Science",,,
repugnant.hosting,available,52,1%,9,Humanities,,,
lxxxi.hosting,available,52,1%,5,Mathematics,,,
lxiv.hosting,available,52,3%,4,Mathematics,,,
abusive.hosting,available,52,3%,7,"Healthcare,Law",,,
abysmal.hosting,available,52,4%,7,"Arts,Entertainment,Media",,,
lxxxvi.hosting,available,52,1%,6,Mathematics,,,
xcv.hosting,available,52,7%,3,Mathematics,,,
lxxxvii.hosting,available,52,1%,7,Mathematics,,,
abbatial.hosting,available,50,0%,8,Religion,,,
ogdoad.hosting,available,50,1%,6,Mathematics,,,
abdicable.hosting,available,50,0%,9,Law,,,
adactylous.hosting,available,50,0%,10,Science,,,
acetose.hosting,available,50,1%,7,Science,,,
spinous.hosting,available,50,1%,7,"Agriculture,Science",,,
aborticide.hosting,available,50,0%,10,Medicine,,,
acapnotic.hosting,available,50,0%,9,"Healthcare,Medicine,Science",,,
broached.hosting,available,50,0%,8,Food and Beverage,,,
acapnic.hosting,available,50,0%,7,"Healthcare,Medicine,Science",,,
aculeated.hosting,available,50,0%,9,"Engineering,Medicine,Science",,,
acerose.hosting,available,50,1%,7,Science,,,
scummy.hosting,available,50,1%,6,Humanities,,,
trine.hosting,available,50,11%,5,"General,Religion",,,
acetous.hosting,available,50,1%,7,Science,,,
abactinal.hosting,available,50,0%,9,Science,,,
triplet.hosting,available,50,8%,7,Science,,,
abranchial.hosting,available,50,0%,10,Science,,,
cinque.hosting,available,50,7%,6,Mathematics,,,
acaudal.hosting,available,50,1%,7,"Agriculture,Science",,,
abducting.hosting,available,50,0%,9,Medicine,,,
quint.hosting,available,50,13%,5,"Arts,Entertainment",,,
vinegary.hosting,available,50,1%,8,Food and Beverage,,,
adhominem.hosting,available,50,2%,10,"Humanities,Law,Politics",,,
acellular.hosting,available,50,1%,9,Science,,,
lxx.hosting,available,50,5%,3,Mathematics,,,
needlelike.hosting,available,50,0%,10,"Engineering,Medicine,Science",,,
acerbic.hosting,available,50,2%,7,"Arts,Humanities,Media",,,
abomasal.hosting,available,50,0%,8,Agriculture,,,
acquitted.hosting,available,50,1%,9,Law,,,
gillless.hosting,available,50,0%,9,Science,,,
acerb.hosting,available,50,2%,5,Science,,,
abyssal.hosting,available,48,12%,7,"Arts,Entertainment,Media",,,
ilxxx.hosting,available,48,1%,5,Mathematics,,,
execrable.hosting,available,48,0%,9,"Entertainment,Humanities",,,
ilxx.hosting,available,48,1%,4,Mathematics,,,
lxxxviii.hosting,available,48,1%,8,Mathematics,,,
abstracted.hosting,available,48,5%,10,"Arts,Humanities,Science",,,
apriori.hosting,available,48,13%,8,Mathematics,,,
notguilty.hosting,available,48,5%,10,Law,,,
achromic.hosting,available,46,2%,8,Science,,,
acarpelous.hosting,available,46,0%,10,"Agriculture,Science",,,
acetabular.hosting,available,46,1%,10,Science,,,
acetonic.hosting,available,46,1%,8,Science,,,
acarpous.hosting,available,46,0%,8,"Agriculture,Science",,,
acephalous.hosting,available,46,1%,10,Science,,,
acetylenic.hosting,available,46,1%,10,Science,,,
quaternary.hosting,available,46,3%,10,Mathematics,,,
theabsurd.hosting,available,46,1%,10,"Arts,Entertainment,Media",,,
acanthous.hosting,available,46,0%,9,"Agriculture,Science",,,
acapnial.hosting,available,46,0%,8,"Healthcare,Medicine,Science",,,
acaudate.hosting,available,46,1%,8,"Agriculture,Science",,,
acanthotic.hosting,available,46,0%,10,"Agriculture,Science",,,
achromous.hosting,available,46,1%,9,Science,,,
acetylic.hosting,available,46,1%,8,Science,,,
stripling.hosting,available,46,2%,9,"Education,Entertainment,Healthcare",,,
stemless.hosting,available,46,2%,8,"Agriculture,Science",,,
acheronian.hosting,available,46,1%,10,Humanities,,,
acicular.hosting,available,46,2%,8,Science,,,
cotyloid.hosting,available,46,1%,8,Science,,,
achenial.hosting,available,46,1%,8,Science,,,
acanthoid.hosting,available,46,1%,9,"Agriculture,Science",,,
vinegarish.hosting,available,46,1%,10,Food and Beverage,,,
cotyloidal.hosting,available,44,1%,10,Science,,,
accusatory.hosting,available,44,1%,10,Law,,,
acherontic.hosting,available,44,1%,10,Humanities,,,
abscessed.hosting,available,41,0%,9,Healthcare,,,
phoebe.hosting,available,41,14%,6,Science,,,
accurst.hosting,available,40,1%,7,Religion,,,
accusive.hosting,available,40,1%,8,Law,,,
scurrilous.hosting,available,40,1%,10,"Entertainment,Media,Politics",,,